{"cameraMode":{"drawMode":0,"name":"Shaded","section":"Shading Mode"},"sceneLighting":true,"audioPlay":false,"sceneViewState":{"showFog":false,"showMaterialUpdate":false,"showSkybox":false,"showFlares":false,"showImageEffects":false,"showParticleSystems":false},"in2DMode":false,"pivot":{"x":30.781299591064454,"y":-1.3811179399490357,"z":3.9512572288513185},"rotation":{"x":0.09952380508184433,"y":0.6423251628875732,"z":-0.084330253303051,"w":0.7553451061248779},"size":39.152610778808597,"orthographic":false}