{"cameraMode":{"drawMode":0,"name":"Shaded","section":"Shading Mode"},"sceneLighting":true,"audioPlay":false,"sceneViewState":{"showFog":false,"showMaterialUpdate":false,"showSkybox":false,"showFlares":false,"showImageEffects":false,"showParticleSystems":false},"in2DMode":false,"pivot":{"x":27.48633575439453,"y":-7.556436538696289,"z":27.571081161499025},"rotation":{"x":0.10890191048383713,"y":0.5472949147224426,"z":-0.0718126893043518,"w":0.8268064260482788},"size":39.152610778808597,"orthographic":false}