{"cameraMode":{"drawMode":0,"name":"Shaded","section":"Shading Mode"},"sceneLighting":true,"audioPlay":false,"sceneViewState":{"showFog":false,"showMaterialUpdate":false,"showSkybox":false,"showFlares":false,"showImageEffects":false,"showParticleSystems":false},"in2DMode":false,"pivot":{"x":11.173286437988282,"y":7.069183349609375,"z":-5.068759918212891},"rotation":{"x":-0.0950280949473381,"y":-0.7043161392211914,"z":0.09576113522052765,"w":-0.6970990300178528},"size":25.98379135131836,"orthographic":false}