{"cameraMode":{"drawMode":0,"name":"Shaded","section":"Shading Mode"},"sceneLighting":true,"audioPlay":false,"sceneViewState":{"showFog":false,"showMaterialUpdate":false,"showSkybox":false,"showFlares":false,"showImageEffects":false,"showParticleSystems":false},"in2DMode":false,"pivot":{"x":-10.679787635803223,"y":-32.58255386352539,"z":-78.71426391601563},"rotation":{"x":0.04969014972448349,"y":0.774404764175415,"z":-0.6278996467590332,"w":0.06113339215517044},"size":31.78250503540039,"orthographic":false}