{"cameraMode":{"drawMode":0,"name":"Shaded","section":"Shading Mode"},"sceneLighting":true,"audioPlay":false,"sceneViewState":{"showFog":false,"showMaterialUpdate":false,"showSkybox":false,"showFlares":false,"showImageEffects":false,"showParticleSystems":false},"in2DMode":false,"pivot":{"x":9.599349021911621,"y":1.0950549840927125,"z":-125.97012329101563},"rotation":{"x":0.035186201333999637,"y":0.964692234992981,"z":-0.19684860110282899,"w":0.17189422249794007},"size":31.78250503540039,"orthographic":false}