{"cameraMode":{"drawMode":0,"name":"Shaded","section":"Shading Mode"},"sceneLighting":true,"audioPlay":false,"sceneViewState":{"showFog":false,"showMaterialUpdate":false,"showSkybox":false,"showFlares":false,"showImageEffects":false,"showParticleSystems":false},"in2DMode":false,"pivot":{"x":2.523387908935547,"y":-4.952507019042969,"z":-88.98789978027344},"rotation":{"x":0.019036797806620599,"y":0.9791949391365051,"z":-0.1709071546792984,"w":0.10848454385995865},"size":31.78250503540039,"orthographic":false}