{"cameraMode":{"drawMode":0,"name":"Shaded","section":"Shading Mode"},"sceneLighting":true,"audioPlay":false,"sceneViewState":{"showFog":false,"showMaterialUpdate":false,"showSkybox":false,"showFlares":false,"showImageEffects":false,"showParticleSystems":false},"in2DMode":false,"pivot":{"x":-4.77872371673584,"y":16.172645568847658,"z":4.820887088775635},"rotation":{"x":-0.17957620322704316,"y":-0.6115595102310181,"z":0.14488163590431214,"w":-0.7569432258605957},"size":26.935022354125978,"orthographic":false}