{"cameraMode":{"drawMode":0,"name":"Shaded","section":"Shading Mode"},"sceneLighting":false,"audioPlay":false,"sceneViewState":{"showFog":false,"showMaterialUpdate":false,"showSkybox":false,"showFlares":false,"showImageEffects":false,"showParticleSystems":false},"in2DMode":false,"pivot":{"x":-0.029446236789226533,"y":0.061635538935661319,"z":-0.08759481459856034},"rotation":{"x":0.15801174938678742,"y":0.6973795890808106,"z":-0.16204342246055604,"w":0.6800264716148377},"size":1.0368142127990723,"orthographic":false}