{"cameraMode":{"drawMode":0,"name":"Shaded","section":"Shading Mode"},"sceneLighting":true,"audioPlay":false,"sceneViewState":{"showFog":false,"showMaterialUpdate":false,"showSkybox":false,"showFlares":false,"showImageEffects":false,"showParticleSystems":false},"in2DMode":false,"pivot":{"x":19.772981643676759,"y":5.858854293823242,"z":-7.191316604614258},"rotation":{"x":0.0011427619028836489,"y":0.9961599111557007,"z":0.08657451719045639,"w":-0.013149098493158818},"size":10.0,"orthographic":false}