{"cameraMode":{"drawMode":0,"name":"Shaded","section":"Shading Mode"},"sceneLighting":false,"audioPlay":false,"sceneViewState":{"showFog":false,"showMaterialUpdate":false,"showSkybox":false,"showFlares":false,"showImageEffects":false,"showParticleSystems":false},"in2DMode":false,"pivot":{"x":0.04141998291015625,"y":0.5573731660842896,"z":0.010953664779663086},"rotation":{"x":0.001336339395493269,"y":-0.928980827331543,"z":-0.0033448715694248678,"w":-0.3701811730861664},"size":1.4094533920288087,"orthographic":false}