{"cameraMode":{"drawMode":0,"name":"Shaded","section":"Shading Mode"},"sceneLighting":false,"audioPlay":false,"sceneViewState":{"showFog":false,"showMaterialUpdate":false,"showSkybox":false,"showFlares":false,"showImageEffects":false,"showParticleSystems":false},"in2DMode":false,"pivot":{"x":0.09257286787033081,"y":0.009299039840698243,"z":0.2170565128326416},"rotation":{"x":-0.035817328840494159,"y":-0.7960681319236755,"z":0.047340668737888339,"w":-0.6022958755493164},"size":1.1534903049468995,"orthographic":false}