{"cameraMode":{"drawMode":0,"name":"Shaded","section":"Shading Mode"},"sceneLighting":false,"audioPlay":false,"sceneViewState":{"showFog":false,"showMaterialUpdate":false,"showSkybox":false,"showFlares":false,"showImageEffects":false,"showParticleSystems":false},"in2DMode":false,"pivot":{"x":0.0750800371170044,"y":0.3531320095062256,"z":0.06143200397491455},"rotation":{"x":-0.035817328840494159,"y":-0.7960681319236755,"z":0.047340668737888339,"w":-0.6022958755493164},"size":1.3808808326721192,"orthographic":false}