{"cameraMode":{"drawMode":0,"name":"Shaded","section":"Shading Mode"},"sceneLighting":true,"audioPlay":false,"sceneViewState":{"showFog":false,"showMaterialUpdate":false,"showSkybox":false,"showFlares":false,"showImageEffects":false,"showParticleSystems":false},"in2DMode":false,"pivot":{"x":-20.711658477783204,"y":3.998110294342041,"z":40.05626678466797},"rotation":{"x":-0.06096380203962326,"y":-0.43217718601226809,"z":-0.02929883822798729,"w":0.8992515802383423},"size":5.009452819824219,"orthographic":false}