{"cameraMode":{"drawMode":0,"name":"Shaded","section":"Shading Mode"},"sceneLighting":true,"audioPlay":false,"sceneViewState":{"showFog":false,"showMaterialUpdate":false,"showSkybox":false,"showFlares":false,"showImageEffects":false,"showParticleSystems":false},"in2DMode":false,"pivot":{"x":12.814321517944336,"y":9.465691566467286,"z":5.528770923614502},"rotation":{"x":0.041995808482170108,"y":-0.5661352276802063,"z":-0.028898363932967187,"w":-0.8227357268333435},"size":14.130104064941407,"orthographic":true}