{"cameraMode":{"drawMode":0,"name":"Shaded","section":"Shading Mode"},"sceneLighting":false,"audioPlay":false,"sceneViewState":{"showFog":false,"showMaterialUpdate":false,"showSkybox":false,"showFlares":false,"showImageEffects":false,"showParticleSystems":false},"in2DMode":false,"pivot":{"x":3.784810781478882,"y":-1.8240989446640015,"z":5.157571315765381},"rotation":{"x":0.033846259117126468,"y":-0.9606842398643494,"z":0.2399987429380417,"w":0.13548488914966584},"size":10.0,"orthographic":false}